client_name,segment,service_status,invoice_amount,invoice_due_date,invoice_status
Next Partners 959,estandar,suspendido,26355.84,2026-03-12,pendiente
Prime Corp 755,estandar,activo,5376.94,2026-06-17,pendiente
Global LLC 721,grande,activo,22475.99,2026-03-08,pagada
Alpha Enterprises 495,zombi,activo,45000.22,2026-06-07,pagada
Prime Solutions 447,zombi,cancelado,36157.61,2026-03-16,pagada
Zenith Partners 557,startup,cancelado,12725.20,2026-01-17,pagada
Zenith Inc 557,startup,cancelado,31991.42,2026-02-27,pagada
Zenith Partners 525,zombi,cancelado,4201.47,2026-06-12,pendiente
Tech Enterprises 901,grande,suspendido,42323.51,2026-06-08,pendiente
Next Enterprises 62,startup,activo,7492.69,2025-12-20,pagada
Alpha Corp 984,estandar,activo,18985.46,2026-01-30,pendiente
Global Partners 778,startup,activo,11285.65,2026-01-14,pagada
Next LLC 194,zombi,cancelado,7953.83,2026-05-09,pendiente
Prime Group 67,estandar,cancelado,28957.59,2026-04-22,pendiente
Global Solutions 927,estandar,cancelado,31586.29,2026-06-08,pendiente
Alpha Partners 195,startup,cancelado,39937.02,2025-12-21,pendiente
Next Group 854,grande,cancelado,47957.77,2026-03-22,pagada
Core LLC 170,zombi,activo,42298.84,2026-02-10,pendiente
Next Partners 29,estandar,activo,49303.26,2026-02-14,anulada
Global Partners 778,startup,activo,28550.90,2026-01-21,anulada
Global Corp 376,startup,cancelado,24374.34,2026-03-06,anulada
Next Partners 902,estandar,activo,1964.25,2026-07-12,pagada
Core Inc 140,zombi,suspendido,19186.04,2026-04-07,pagada
Global Enterprises 648,startup,activo,2115.56,2026-04-26,pagada
Zenith Group 48,grande,suspendido,16048.89,2026-02-15,pendiente
Alpha Solutions 856,grande,suspendido,18376.23,2026-05-11,pendiente
Mega Solutions 128,grande,cancelado,22538.00,2026-04-24,pendiente
Alpha Solutions 920,grande,activo,10150.80,2026-02-11,pagada
Next Enterprises 273,zombi,suspendido,2290.94,2026-01-16,pendiente
Zenith Corp 70,startup,suspendido,11925.12,2026-03-31,pagada
Zenith Group 48,grande,suspendido,39132.57,2026-06-19,anulada
Prime Enterprises 949,startup,activo,34414.27,2026-06-11,anulada
Global LLC 721,grande,activo,48603.02,2026-04-17,pendiente
Mega LLC 223,grande,cancelado,26362.52,2026-01-07,pagada
Core Solutions 690,startup,activo,43430.43,2026-02-13,anulada
Zenith LLC 470,zombi,activo,31901.34,2026-03-17,pagada
Next Enterprises 62,startup,activo,23094.27,2026-03-17,pendiente
Core Group 111,zombi,suspendido,34687.19,2026-07-08,anulada
Tech Enterprises 901,grande,suspendido,8308.98,2026-04-29,pagada
Next Partners 902,estandar,activo,13448.08,2026-07-05,anulada
Core Group 416,startup,suspendido,4864.24,2026-02-16,pendiente
Core Corp 102,startup,activo,38065.94,2026-05-08,pendiente
Mega Solutions 128,grande,cancelado,12996.03,2026-05-10,pendiente
Mega LLC 223,grande,cancelado,22222.16,2026-01-02,anulada
Alpha Solutions 856,grande,suspendido,18502.71,2026-01-13,anulada
Alpha Group 782,zombi,activo,26189.06,2026-01-20,pendiente
Global LLC 986,startup,suspendido,48641.13,2026-03-24,pendiente
Mega LLC 119,estandar,suspendido,9152.32,2026-03-04,pendiente
Next Partners 959,estandar,suspendido,39710.99,2026-06-12,pendiente
Zenith Partners 525,zombi,cancelado,17677.84,2025-12-19,pagada
Alpha Group 921,estandar,suspendido,25136.89,2026-03-28,anulada
Alpha Partners 856,zombi,cancelado,19576.05,2026-07-12,pagada
Next Enterprises 62,startup,activo,37411.04,2026-05-16,pagada
Tech Partners 880,startup,cancelado,3581.46,2026-04-16,anulada
Alpha Partners 856,zombi,cancelado,18099.65,2026-05-03,pagada
Prime Corp 755,estandar,activo,13011.06,2026-07-05,pendiente
Alpha Solutions 856,grande,suspendido,25058.46,2025-12-31,pendiente
Prime Inc 662,zombi,cancelado,6672.04,2026-03-13,pagada
Next Enterprises 273,zombi,suspendido,25529.49,2026-05-16,anulada
Mega Solutions 128,grande,cancelado,31650.58,2026-06-18,pendiente
Global LLC 125,grande,activo,1161.75,2026-03-31,pagada
Tech Enterprises 901,grande,suspendido,25877.06,2026-02-28,pendiente
Core Group 604,grande,suspendido,18880.90,2026-02-01,pendiente
Core Group 416,startup,suspendido,45821.63,2026-07-03,vencida
Core Inc 100,estandar,suspendido,39195.77,2026-04-09,pendiente
Next Partners 29,estandar,activo,13151.69,2026-06-12,pendiente
Tech Partners 48,zombi,activo,25158.34,2026-03-15,pagada
Core Partners 4,startup,suspendido,11358.45,2026-01-13,pendiente
Tech Partners 48,zombi,activo,12922.87,2026-04-27,pendiente
Next Partners 29,estandar,activo,23046.18,2026-06-09,anulada
Mega Partners 593,estandar,suspendido,37838.91,2025-12-30,pendiente
Prime Enterprises 949,startup,activo,34691.58,2026-04-18,pendiente
Next Partners 234,grande,cancelado,7425.73,2026-02-12,pendiente
Alpha Solutions 538,zombi,suspendido,48520.72,2026-02-03,anulada
Next Partners 140,startup,suspendido,47501.13,2026-04-04,pendiente
Mega Group 291,startup,cancelado,5447.41,2026-04-04,pendiente
Zenith Corp 563,startup,cancelado,35740.09,2026-01-15,pendiente
Global Group 892,grande,cancelado,39737.48,2026-05-28,pagada
Mega Inc 770,startup,suspendido,19985.60,2025-12-28,pendiente
Prime Enterprises 123,estandar,cancelado,7429.02,2026-04-30,pendiente
Prime Group 67,estandar,cancelado,48034.38,2026-05-29,pagada
Global Solutions 927,estandar,cancelado,46202.43,2026-06-06,pendiente
Zenith Partners 525,zombi,cancelado,38733.04,2026-03-31,anulada
Alpha Partners 726,estandar,suspendido,26770.88,2026-01-03,anulada
Core Solutions 690,startup,activo,37220.48,2025-12-27,anulada
Core Solutions 570,zombi,activo,31473.80,2026-02-28,pendiente
Global Group 81,grande,activo,39286.10,2026-03-19,anulada
Next Partners 234,grande,cancelado,48497.05,2026-06-02,anulada
Core LLC 170,zombi,activo,10513.37,2026-05-10,pendiente
Core Inc 846,grande,activo,46584.58,2026-02-27,anulada
Core Corp 102,startup,activo,44559.01,2026-01-22,pagada
Core Inc 100,estandar,suspendido,12467.86,2026-03-29,anulada
Tech Enterprises 901,grande,suspendido,18719.93,2025-12-29,pendiente
Tech LLC 44,grande,cancelado,27570.80,2026-06-03,anulada
Zenith Partners 557,startup,cancelado,42819.99,2026-04-08,anulada
Mega Solutions 128,grande,cancelado,42141.18,2026-06-18,pagada
Core Inc 140,zombi,suspendido,28462.02,2026-06-05,pendiente
Tech Group 907,grande,suspendido,37224.92,2026-07-05,anulada
Zenith Corp 563,startup,cancelado,36757.16,2026-05-14,pendiente
Zenith LLC 470,zombi,activo,48201.93,2026-05-26,pendiente
Mega Partners 207,estandar,suspendido,3522.54,2026-03-27,pendiente
Global LLC 986,startup,suspendido,43578.14,2026-06-01,pagada
Alpha Solutions 113,estandar,cancelado,28185.11,2026-01-21,pendiente
Zenith Corp 70,startup,suspendido,28867.08,2026-05-27,anulada
Next Corp 838,estandar,activo,34427.47,2026-05-09,pendiente
Alpha Solutions 812,startup,suspendido,35562.07,2026-01-26,pagada
Global LLC 125,grande,activo,37289.99,2026-01-30,pendiente
Alpha Corp 111,zombi,activo,556.39,2026-03-02,pagada
Prime Enterprises 949,startup,activo,39133.22,2026-05-22,pendiente
Global Inc 238,startup,activo,692.45,2026-06-21,pagada
Next Partners 959,estandar,suspendido,19538.00,2026-01-07,anulada
Next Enterprises 62,startup,activo,28804.70,2026-04-30,pagada
Zenith LLC 46,startup,suspendido,9089.93,2026-05-29,pendiente
Mega Partners 260,zombi,activo,14941.70,2026-07-08,pendiente
Prime Corp 755,estandar,activo,46841.91,2026-05-03,pagada
Next Corp 838,estandar,activo,43885.04,2025-12-26,anulada
Core Inc 100,estandar,suspendido,27002.16,2026-03-03,pendiente
Core Group 604,grande,suspendido,23610.13,2026-04-24,pagada
Global Partners 170,startup,activo,35663.04,2026-02-03,anulada
Mega Partners 207,estandar,suspendido,6179.70,2026-04-26,pendiente
Next Partners 902,estandar,activo,35271.53,2026-06-09,anulada
Global Group 391,startup,cancelado,23336.01,2026-06-04,anulada
Next Group 672,estandar,cancelado,8213.23,2026-03-25,anulada
Prime Group 830,zombi,cancelado,25803.18,2026-06-29,anulada
Core Partners 938,estandar,suspendido,18254.61,2026-01-23,pendiente
Next Partners 909,startup,cancelado,49337.54,2025-12-24,anulada
Next Partners 234,grande,cancelado,31127.51,2026-05-14,pagada
Prime Partners 471,startup,suspendido,16245.23,2026-01-06,pendiente
Prime Solutions 447,zombi,cancelado,10339.70,2026-04-06,pendiente
Mega Solutions 128,grande,cancelado,16965.40,2025-12-20,pendiente
Tech Enterprises 901,grande,suspendido,40633.21,2026-02-14,pendiente
Tech Partners 48,zombi,activo,6312.97,2026-03-24,pendiente
Zenith Inc 190,grande,cancelado,31959.94,2026-06-20,pendiente
Tech Group 907,grande,suspendido,37837.00,2026-06-21,pagada
Alpha LLC 227,grande,cancelado,16890.36,2026-02-17,pendiente
Alpha Solutions 538,zombi,suspendido,18604.97,2026-02-20,pendiente
Next Enterprises 273,zombi,suspendido,28302.00,2026-01-23,anulada
Core Corp 102,startup,activo,46689.51,2025-12-26,pendiente
Global Enterprises 648,startup,activo,23017.98,2026-07-14,anulada
Tech Partners 48,zombi,activo,13135.22,2026-03-23,anulada
Prime Partners 471,startup,suspendido,46768.02,2026-05-14,pendiente
Global LLC 721,grande,activo,16403.38,2026-04-06,pendiente
Zenith Inc 190,grande,cancelado,18359.60,2025-12-19,pendiente
Global Group 81,grande,activo,2334.93,2025-12-26,pendiente
Core Solutions 690,startup,activo,12216.67,2026-06-16,pagada
Zenith Group 445,grande,cancelado,14973.41,2026-02-23,pendiente
Alpha Group 921,estandar,suspendido,47084.12,2026-06-11,pagada
Tech Enterprises 901,grande,suspendido,27751.33,2026-05-27,pendiente
Zenith Corp 563,startup,cancelado,15013.73,2026-04-14,anulada
Alpha Solutions 920,grande,activo,35130.89,2026-06-27,pendiente
Prime Group 830,zombi,cancelado,13566.59,2026-03-26,pendiente
Mega Enterprises 672,estandar,activo,14147.65,2026-01-08,pendiente
Mega Corp 4,startup,cancelado,4302.18,2026-01-18,pagada
Alpha Partners 195,startup,cancelado,11128.17,2026-05-22,anulada
Prime Enterprises 949,startup,activo,45793.15,2026-06-15,pagada
Next Enterprises 273,zombi,suspendido,36489.26,2026-06-05,pendiente
Core Inc 846,grande,activo,12227.27,2026-05-06,anulada
Global Group 391,startup,cancelado,26541.62,2026-04-19,pendiente
Mega Solutions 128,grande,cancelado,39162.76,2026-01-21,pagada
Mega LLC 58,estandar,activo,46215.98,2026-06-13,anulada
Mega Corp 4,startup,cancelado,35194.98,2026-04-13,pendiente
Alpha Solutions 920,grande,activo,38816.66,2026-02-20,pendiente
Zenith Group 48,grande,suspendido,39429.15,2026-02-15,pendiente
Next Partners 909,startup,cancelado,23736.18,2026-02-27,anulada
Alpha Partners 195,startup,cancelado,17025.31,2026-01-24,pendiente
Prime Enterprises 123,estandar,cancelado,48398.32,2026-03-21,pagada
Mega Solutions 128,grande,cancelado,6957.62,2026-05-09,pagada
Prime Enterprises 949,startup,activo,7300.49,2025-12-19,pendiente
Prime Partners 471,startup,suspendido,35577.40,2026-06-13,anulada
Next LLC 194,zombi,cancelado,44202.93,2026-02-28,pendiente
Next LLC 199,startup,suspendido,7818.81,2026-01-05,anulada
Global Group 391,startup,cancelado,23007.15,2026-01-08,anulada
Alpha Group 921,estandar,suspendido,37458.88,2026-02-03,pendiente
Global Partners 170,startup,activo,15945.55,2026-05-03,anulada
Global Group 391,startup,cancelado,27475.27,2026-07-03,anulada
Tech Partners 48,zombi,activo,20943.95,2025-12-18,pendiente
Next LLC 199,startup,suspendido,29495.46,2026-05-11,anulada
Mega Partners 260,zombi,activo,2924.34,2026-06-13,pendiente
Global Enterprises 439,zombi,cancelado,7070.65,2026-03-23,pendiente
Prime Enterprises 123,estandar,cancelado,4996.31,2026-04-02,pagada
Global Group 81,grande,activo,16944.37,2026-04-22,pendiente
Next Partners 140,startup,suspendido,45438.60,2026-03-31,pagada
Tech Enterprises 901,grande,suspendido,4648.84,2026-06-29,vencida
Global Partners 778,startup,activo,46399.82,2026-06-20,vencida
Alpha Partners 726,estandar,suspendido,233.49,2026-02-12,pagada
Core Corp 102,startup,activo,10860.36,2026-02-10,pagada
Mega LLC 119,estandar,suspendido,21361.40,2026-03-18,anulada
Core LLC 170,zombi,activo,44040.56,2026-01-02,pendiente
Global Group 81,grande,activo,7765.28,2026-04-02,pendiente
Next Enterprises 62,startup,activo,43021.73,2026-06-19,vencida
Global Corp 376,startup,cancelado,38288.58,2026-05-13,pendiente
Mega Partners 207,estandar,suspendido,44976.68,2026-03-20,pendiente
Mega Group 291,startup,cancelado,34854.58,2026-02-27,pagada
Zenith Group 48,grande,suspendido,34154.80,2026-04-30,pendiente
Prime Group 67,estandar,cancelado,24375.95,2026-06-08,anulada
Prime Inc 662,zombi,cancelado,46551.45,2026-02-27,anulada
Tech Partners 48,zombi,activo,24039.27,2026-01-20,pendiente
Core LLC 170,zombi,activo,4183.95,2026-06-23,pagada
Prime Group 67,estandar,cancelado,1282.34,2026-02-13,pendiente
Alpha Solutions 812,startup,suspendido,14667.06,2026-05-07,anulada
Zenith LLC 46,startup,suspendido,2224.79,2026-05-22,anulada
Zenith Group 445,grande,cancelado,11516.84,2026-06-28,anulada
Alpha Partners 856,zombi,cancelado,37288.11,2026-06-14,anulada
Zenith LLC 470,zombi,activo,44438.13,2026-04-25,anulada
Core LLC 170,zombi,activo,10954.09,2026-05-27,pendiente
Global Solutions 688,zombi,cancelado,25830.42,2026-02-19,pendiente
Core Corp 102,startup,activo,44781.25,2026-06-05,pendiente
Tech Partners 261,startup,suspendido,4575.90,2026-02-18,pagada
Core LLC 170,zombi,activo,44192.81,2026-02-27,anulada
Alpha LLC 227,grande,cancelado,1119.20,2026-03-07,pagada
Alpha Solutions 856,grande,suspendido,22446.06,2025-12-24,anulada
Tech Partners 48,zombi,activo,13152.99,2026-01-16,pagada
Mega LLC 58,estandar,activo,40976.53,2026-04-10,anulada
Prime Group 830,zombi,cancelado,22367.71,2026-01-08,pagada
Core Inc 100,estandar,suspendido,19063.56,2026-04-28,anulada
Next Enterprises 62,startup,activo,7860.09,2026-03-01,anulada
Zenith Partners 557,startup,cancelado,35648.30,2026-02-12,anulada
Zenith Partners 557,startup,cancelado,22162.66,2026-01-18,pagada
Mega Partners 207,estandar,suspendido,28039.23,2026-04-11,pendiente
Core Inc 140,zombi,suspendido,25468.27,2026-01-03,anulada
Global Partners 170,startup,activo,2086.53,2026-03-06,pendiente
Alpha Partners 726,estandar,suspendido,33256.83,2025-12-24,anulada
Next Group 672,estandar,cancelado,21153.16,2026-04-21,pendiente
Zenith Group 445,grande,cancelado,33863.84,2026-05-22,pendiente
Global Corp 376,startup,cancelado,47934.91,2026-05-02,pendiente
Zenith Partners 557,startup,cancelado,46239.67,2026-05-13,pagada
Next LLC 791,zombi,activo,1887.33,2026-04-03,pendiente
Next Partners 909,startup,cancelado,43219.70,2026-01-31,anulada
Tech LLC 44,grande,cancelado,32855.82,2026-03-24,pagada
Alpha Group 921,estandar,suspendido,15793.81,2026-01-26,pendiente
Prime Solutions 447,zombi,cancelado,23147.38,2026-07-02,vencida
Global Solutions 688,zombi,cancelado,10745.92,2025-12-26,anulada
Tech Enterprises 901,grande,suspendido,24765.40,2026-01-12,anulada
Zenith Partners 334,grande,suspendido,21696.98,2026-04-06,pendiente
Core Inc 926,startup,activo,15256.26,2026-01-30,anulada
Tech Group 907,grande,suspendido,49510.18,2026-03-16,pendiente
Next LLC 194,zombi,cancelado,20680.50,2026-03-17,pagada
Global Enterprises 648,startup,activo,40244.73,2026-05-28,pagada
Zenith Inc 531,startup,activo,26443.50,2026-02-07,anulada
Core Corp 102,startup,activo,14802.66,2026-02-13,pendiente
Zenith Partners 334,grande,suspendido,14325.93,2026-01-09,pendiente
Next Enterprises 62,startup,activo,23376.32,2026-07-05,pagada
Next Enterprises 273,zombi,suspendido,25218.35,2026-01-21,pagada
Core Inc 926,startup,activo,8243.24,2026-06-17,vencida
Mega Enterprises 672,estandar,activo,7275.62,2026-01-12,pendiente
Global Enterprises 648,startup,activo,24605.46,2026-01-10,pendiente
Mega Partners 260,zombi,activo,3279.52,2026-06-20,vencida
Global Solutions 688,zombi,cancelado,39898.06,2026-07-13,vencida
Tech Partners 880,startup,cancelado,47917.95,2026-06-25,pagada
Zenith Inc 190,grande,cancelado,44880.36,2026-02-12,anulada
Mega Inc 770,startup,suspendido,13493.16,2026-04-09,pagada
Core Partners 938,estandar,suspendido,17680.38,2026-03-26,pendiente
Tech LLC 44,grande,cancelado,19864.83,2026-02-20,pendiente
Core Corp 102,startup,activo,35954.50,2026-02-19,pendiente
Global Enterprises 648,startup,activo,7942.08,2026-01-21,pagada
Core Group 604,grande,suspendido,41272.42,2026-07-13,pagada
Alpha LLC 227,grande,cancelado,3144.64,2026-03-07,pagada
Core Inc 846,grande,activo,12600.73,2025-12-23,anulada
Next LLC 965,startup,activo,5156.49,2026-03-26,pagada
Next Group 672,estandar,cancelado,19419.35,2026-06-11,pagada
Global Solutions 927,estandar,cancelado,39733.45,2026-06-06,pendiente
Tech Partners 261,startup,suspendido,7281.97,2026-05-13,anulada
Prime Partners 471,startup,suspendido,5774.06,2026-05-06,pagada
Next LLC 162,estandar,activo,35519.67,2025-12-17,anulada
Core Solutions 570,zombi,activo,293.83,2026-04-23,pagada
Zenith LLC 46,startup,suspendido,1140.70,2026-01-17,pagada
Prime Corp 755,estandar,activo,43435.49,2026-04-28,pagada
Global Partners 778,startup,activo,37648.41,2026-06-17,anulada
Prime Enterprises 949,startup,activo,22460.97,2026-06-12,anulada
Alpha Solutions 113,estandar,cancelado,32763.36,2026-04-14,pendiente
Global Enterprises 439,zombi,cancelado,17522.97,2026-02-07,pagada
Zenith Group 48,grande,suspendido,42723.96,2026-01-31,pendiente
Core Corp 102,startup,activo,27506.73,2026-06-06,pagada
Mega Solutions 128,grande,cancelado,27220.44,2026-01-03,pendiente
Zenith Corp 563,startup,cancelado,43429.94,2026-03-23,anulada
Zenith Partners 334,grande,suspendido,38222.54,2025-12-23,anulada
Mega Inc 770,startup,suspendido,21368.46,2026-03-25,anulada
Tech Enterprises 901,grande,suspendido,17048.46,2026-02-06,pagada
Core Partners 4,startup,suspendido,16999.92,2026-06-05,pendiente
Global Partners 170,startup,activo,43007.11,2025-12-27,pendiente
Tech LLC 44,grande,cancelado,37017.90,2026-05-16,anulada
Prime Group 272,estandar,activo,30002.95,2026-01-01,pendiente
Alpha Solutions 812,startup,suspendido,18936.13,2025-12-23,pendiente
Global Group 391,startup,cancelado,26332.23,2026-05-16,pendiente
Zenith Group 445,grande,cancelado,49999.27,2026-01-09,pendiente
Tech LLC 44,grande,cancelado,41451.01,2026-03-20,pendiente
Core Solutions 690,startup,activo,10369.96,2025-12-18,anulada
Global Group 391,startup,cancelado,7296.30,2026-05-19,pendiente
Mega LLC 58,estandar,activo,44556.86,2026-01-13,pagada
Next Corp 838,estandar,activo,42018.24,2026-01-18,anulada
Global Partners 170,startup,activo,2543.78,2026-03-17,anulada
Tech Partners 261,startup,suspendido,27031.37,2026-07-11,pagada
Zenith Inc 190,grande,cancelado,37805.76,2026-07-08,vencida
Zenith Corp 563,startup,cancelado,6870.53,2026-03-12,pendiente
Alpha Corp 111,zombi,activo,36505.76,2026-05-01,pagada
Alpha Enterprises 495,zombi,activo,20301.98,2026-07-03,vencida
Next Partners 959,estandar,suspendido,42318.48,2026-07-08,vencida
Zenith Inc 531,startup,activo,1187.72,2026-04-02,pendiente
Alpha Solutions 856,grande,suspendido,49774.32,2026-01-17,pagada
Global Enterprises 439,zombi,cancelado,27239.18,2026-06-05,pendiente
Zenith Inc 190,grande,cancelado,5427.63,2026-02-28,anulada
Global LLC 721,grande,activo,3828.81,2026-06-24,vencida
Alpha Solutions 812,startup,suspendido,25690.20,2025-12-21,pendiente
Next Partners 234,grande,cancelado,32465.30,2026-04-08,pagada
Next Partners 234,grande,cancelado,11233.68,2026-03-04,anulada
Mega Partners 593,estandar,suspendido,3768.55,2026-01-27,pendiente
Prime Inc 662,zombi,cancelado,9898.07,2026-06-04,pagada
Core Solutions 690,startup,activo,49664.18,2026-04-22,anulada
Core Partners 4,startup,suspendido,49788.70,2026-02-17,pagada
Global Enterprises 648,startup,activo,38103.75,2026-03-08,pendiente
Zenith Group 48,grande,suspendido,7917.38,2026-04-09,pendiente
Global Inc 238,startup,activo,26087.65,2026-05-21,pendiente
Mega Partners 593,estandar,suspendido,34273.77,2026-06-25,pagada
Mega Solutions 128,grande,cancelado,27849.57,2026-06-25,vencida
Alpha Solutions 812,startup,suspendido,40119.50,2026-03-12,pendiente
Next Corp 838,estandar,activo,10838.28,2026-01-11,pendiente
Global Group 391,startup,cancelado,8115.54,2026-07-07,vencida
Next Partners 909,startup,cancelado,15609.02,2026-01-14,anulada
Mega Partners 207,estandar,suspendido,5412.85,2026-01-18,pagada
Core Partners 938,estandar,suspendido,31134.65,2026-06-16,pendiente
Zenith Inc 557,startup,cancelado,33981.84,2026-03-22,pendiente
Core Solutions 570,zombi,activo,21274.55,2026-05-09,pagada
Global Solutions 688,zombi,cancelado,29672.54,2026-01-08,pagada
Next Partners 234,grande,cancelado,28523.52,2026-03-10,pendiente
Mega Enterprises 672,estandar,activo,16965.66,2026-03-12,pendiente
Core Inc 846,grande,activo,32781.44,2025-12-25,pendiente
Zenith Corp 563,startup,cancelado,45520.12,2026-02-11,pendiente
Core Partners 4,startup,suspendido,21481.05,2026-07-01,pendiente
Mega Group 291,startup,cancelado,13782.38,2026-02-02,pagada
Next Partners 959,estandar,suspendido,9815.14,2026-01-02,pagada
Mega Corp 4,startup,cancelado,42444.41,2026-01-06,anulada
Global Group 81,grande,activo,13066.84,2026-03-06,anulada
Alpha Enterprises 574,grande,cancelado,7352.06,2026-03-21,pagada
Tech Enterprises 901,grande,suspendido,44391.33,2026-02-06,pagada
Prime Solutions 447,zombi,cancelado,48293.28,2026-02-02,pendiente
Core Partners 4,startup,suspendido,3959.84,2026-01-18,pendiente
Mega LLC 58,estandar,activo,15893.48,2026-03-05,pagada
Zenith Group 445,grande,cancelado,5937.72,2026-07-07,pagada
Zenith Partners 334,grande,suspendido,358.61,2026-02-10,pagada
Global Corp 376,startup,cancelado,11770.99,2026-07-11,anulada
Zenith Inc 190,grande,cancelado,6420.07,2026-07-07,anulada
Mega Inc 770,startup,suspendido,33929.16,2026-04-25,anulada
Global Corp 376,startup,cancelado,5240.28,2026-03-17,pendiente
Core Corp 102,startup,activo,16773.06,2026-01-11,pendiente
Core Inc 846,grande,activo,23115.31,2026-02-02,pagada
Mega Partners 260,zombi,activo,36040.43,2026-02-08,pagada
Core Solutions 570,zombi,activo,47759.26,2025-12-19,pendiente
Next Partners 234,grande,cancelado,2217.56,2026-03-31,pendiente
Next Partners 140,startup,suspendido,38773.62,2026-03-15,pagada
Alpha Corp 489,grande,suspendido,16866.93,2026-05-03,pendiente
Next Group 672,estandar,cancelado,15601.24,2026-03-29,pendiente
Core LLC 170,zombi,activo,30579.68,2026-03-14,pendiente
Prime Enterprises 949,startup,activo,8190.46,2026-02-16,pendiente
Global LLC 721,grande,activo,3669.51,2026-02-18,pagada
Alpha Group 782,zombi,activo,34191.21,2025-12-21,pendiente
Alpha Group 782,zombi,activo,3005.96,2026-05-04,anulada
Mega Partners 207,estandar,suspendido,28887.78,2026-07-13,anulada
Mega LLC 119,estandar,suspendido,47468.86,2026-02-20,pendiente
Next LLC 199,startup,suspendido,32235.84,2026-02-04,pendiente
Prime Enterprises 949,startup,activo,14891.44,2026-06-22,vencida
Prime Inc 662,zombi,cancelado,9985.40,2026-01-05,pagada
Alpha Corp 984,estandar,activo,2436.29,2026-05-23,pagada
Global Group 81,grande,activo,19258.50,2026-04-21,anulada
Mega Inc 770,startup,suspendido,20451.83,2026-07-06,pendiente
Global Group 81,grande,activo,37568.30,2026-04-05,pendiente
Zenith Corp 563,startup,cancelado,22896.51,2026-01-22,pendiente
Mega Enterprises 672,estandar,activo,19769.39,2026-01-30,pendiente
Alpha Solutions 538,zombi,suspendido,17395.30,2026-03-20,anulada
Alpha Partners 195,startup,cancelado,40550.28,2026-05-30,anulada
Mega Enterprises 672,estandar,activo,2365.89,2026-06-18,anulada
Core Group 416,startup,suspendido,41744.36,2026-05-26,pendiente
Global Group 391,startup,cancelado,46726.91,2026-07-04,pagada
Mega Partners 207,estandar,suspendido,24879.68,2026-05-31,pendiente
Alpha Solutions 538,zombi,suspendido,46968.74,2026-05-17,pagada
Tech Partners 880,startup,cancelado,32036.67,2025-12-31,pendiente
Zenith Group 48,grande,suspendido,3686.48,2026-06-22,pagada
Prime Group 830,zombi,cancelado,34590.29,2026-03-08,pendiente
Core Group 111,zombi,suspendido,27924.87,2026-06-23,vencida
Next LLC 194,zombi,cancelado,11543.35,2026-06-16,pagada
Prime Group 830,zombi,cancelado,40900.62,2026-04-11,anulada
Tech Partners 880,startup,cancelado,16326.63,2025-12-31,pendiente
Prime Enterprises 949,startup,activo,38264.98,2026-05-27,pendiente
Global LLC 721,grande,activo,41550.66,2026-03-28,pendiente
Alpha Enterprises 495,zombi,activo,5956.10,2026-06-27,vencida
Alpha Partners 856,zombi,cancelado,35688.28,2026-04-25,anulada
Mega Partners 207,estandar,suspendido,25967.52,2026-03-08,pagada
Global Enterprises 439,zombi,cancelado,9095.92,2026-07-10,pagada
Tech Partners 880,startup,cancelado,41449.61,2025-12-30,anulada
Prime Partners 471,startup,suspendido,27246.35,2026-06-11,pendiente
Mega Enterprises 672,estandar,activo,40424.54,2026-06-29,anulada
Core Corp 102,startup,activo,10925.66,2026-02-16,pendiente
Alpha Corp 489,grande,suspendido,18282.93,2026-04-16,pagada
Mega Solutions 128,grande,cancelado,17487.16,2026-01-20,pagada
Zenith Corp 563,startup,cancelado,28649.00,2026-03-14,anulada
Mega Partners 260,zombi,activo,30359.05,2026-06-20,pagada
Prime Partners 471,startup,suspendido,3338.94,2026-02-10,anulada
Next Corp 838,estandar,activo,22382.15,2026-05-24,pendiente
Global Enterprises 648,startup,activo,21467.11,2026-03-16,pagada
Next Partners 902,estandar,activo,10699.48,2026-01-10,pagada
Prime Inc 662,zombi,cancelado,16042.81,2026-06-24,vencida
Zenith Corp 563,startup,cancelado,30817.22,2026-01-31,pendiente
Mega Inc 770,startup,suspendido,16272.08,2026-01-07,anulada
Zenith Corp 70,startup,suspendido,40242.64,2026-01-31,anulada
Global Solutions 688,zombi,cancelado,10912.74,2026-02-02,pendiente
Core Inc 100,estandar,suspendido,49203.10,2025-12-29,pendiente
Alpha Partners 856,zombi,cancelado,12456.41,2026-07-07,pendiente
Prime Group 830,zombi,cancelado,22040.68,2026-04-02,pendiente
Mega Partners 593,estandar,suspendido,45044.90,2026-06-24,vencida
Alpha Solutions 538,zombi,suspendido,6759.51,2026-05-27,pendiente
Zenith Partners 557,startup,cancelado,3059.12,2026-01-14,anulada
Core Group 111,zombi,suspendido,186.19,2026-03-29,pendiente
Zenith Group 445,grande,cancelado,21333.80,2026-06-02,anulada
Core Group 604,grande,suspendido,47307.74,2026-03-03,pendiente
Next Corp 838,estandar,activo,14423.51,2026-05-05,pendiente
Core Inc 100,estandar,suspendido,13603.04,2026-05-11,pagada
Tech Group 907,grande,suspendido,21804.37,2025-12-21,anulada
Next Partners 909,startup,cancelado,36244.08,2026-06-03,pendiente
Next Enterprises 62,startup,activo,13761.10,2026-03-19,pendiente
Next Partners 902,estandar,activo,14370.34,2026-06-03,pendiente
Core Group 111,zombi,suspendido,29116.77,2026-01-16,pendiente
Global LLC 949,zombi,suspendido,27936.35,2026-03-12,pendiente
Mega Partners 260,zombi,activo,20298.82,2025-12-29,pendiente
Mega LLC 223,grande,cancelado,15513.50,2026-04-17,anulada
Alpha Solutions 113,estandar,cancelado,4304.08,2026-06-02,pagada
Alpha Enterprises 574,grande,cancelado,3737.13,2026-06-11,pendiente
Prime Corp 755,estandar,activo,42018.38,2026-05-17,pendiente
Alpha Solutions 812,startup,suspendido,22645.54,2025-12-19,pendiente
Zenith Corp 70,startup,suspendido,46711.94,2025-12-25,anulada
Prime Group 272,estandar,activo,13955.84,2026-02-24,anulada
Zenith Inc 557,startup,cancelado,6186.13,2026-05-22,anulada
Zenith Group 445,grande,cancelado,43518.84,2026-07-02,pagada
Global Enterprises 439,zombi,cancelado,6269.66,2026-01-21,pagada
Next Partners 29,estandar,activo,2182.39,2026-01-12,pagada
Next Solutions 520,estandar,cancelado,19847.26,2026-03-28,anulada
Zenith Partners 334,grande,suspendido,11018.54,2026-05-21,anulada
Mega LLC 223,grande,cancelado,34955.05,2026-07-05,vencida
Core Inc 846,grande,activo,12359.91,2026-01-21,pendiente
Next LLC 965,startup,activo,7301.74,2026-06-17,pagada
Mega LLC 58,estandar,activo,6537.08,2026-06-09,pendiente
Core Group 604,grande,suspendido,21795.08,2026-03-31,anulada
Alpha LLC 227,grande,cancelado,35956.81,2026-03-19,pagada
Prime Enterprises 949,startup,activo,6464.37,2026-04-12,pendiente
Mega Enterprises 672,estandar,activo,44315.83,2026-01-12,pendiente
Zenith LLC 470,zombi,activo,17825.73,2025-12-18,anulada
Core Inc 100,estandar,suspendido,23984.53,2026-02-04,anulada
Global LLC 986,startup,suspendido,35217.29,2026-01-31,anulada
Alpha Partners 726,estandar,suspendido,14673.87,2026-07-07,anulada
Alpha Enterprises 574,grande,cancelado,8729.07,2026-06-02,anulada
Core Group 416,startup,suspendido,47759.58,2025-12-25,pendiente
Zenith Corp 70,startup,suspendido,16602.05,2026-05-22,anulada
Alpha Solutions 920,grande,activo,46135.48,2026-01-11,anulada
Zenith Partners 557,startup,cancelado,44478.51,2026-04-08,anulada
Prime Enterprises 123,estandar,cancelado,49207.77,2026-03-16,pagada
Zenith LLC 46,startup,suspendido,19783.29,2026-07-08,pendiente
Alpha Solutions 812,startup,suspendido,36955.26,2026-07-12,anulada
Prime Group 67,estandar,cancelado,44087.76,2026-04-06,pagada
Next Partners 29,estandar,activo,41060.43,2026-04-02,anulada
Zenith Group 445,grande,cancelado,8280.51,2026-07-13,anulada
Zenith LLC 46,startup,suspendido,13091.78,2026-04-04,pendiente
Mega LLC 223,grande,cancelado,45958.24,2026-06-01,pagada
Alpha Enterprises 495,zombi,activo,19538.46,2026-01-23,pagada
Mega Solutions 128,grande,cancelado,48727.65,2026-04-04,pendiente
Global LLC 125,grande,activo,30706.74,2026-01-07,pagada
Global Solutions 927,estandar,cancelado,9288.05,2026-07-10,anulada
Next LLC 194,zombi,cancelado,45889.31,2026-06-05,pendiente
Core Partners 938,estandar,suspendido,15463.68,2026-02-28,pagada
Mega Group 584,startup,suspendido,21871.86,2026-01-26,pendiente
Zenith Group 445,grande,cancelado,11753.15,2026-02-26,anulada
Core Group 416,startup,suspendido,21437.14,2026-03-27,anulada
Global LLC 949,zombi,suspendido,24717.78,2026-03-23,pagada
Alpha Enterprises 574,grande,cancelado,13010.53,2026-02-24,pagada
Global Corp 376,startup,cancelado,45540.81,2026-01-06,pendiente
Core Partners 4,startup,suspendido,41758.90,2026-05-18,anulada
Mega Enterprises 672,estandar,activo,49066.00,2026-05-05,anulada
Next LLC 194,zombi,cancelado,29208.08,2026-06-22,vencida
Core Corp 102,startup,activo,18668.01,2026-04-07,anulada
Mega Group 291,startup,cancelado,30102.09,2026-02-04,anulada
Prime Group 67,estandar,cancelado,17771.99,2026-05-09,pendiente
Next Solutions 520,estandar,cancelado,44462.77,2026-02-10,anulada
Global Group 81,grande,activo,16775.52,2025-12-21,pendiente
Alpha LLC 227,grande,cancelado,8538.65,2026-03-04,pendiente
Prime Solutions 447,zombi,cancelado,3462.76,2026-03-17,anulada
Prime Solutions 447,zombi,cancelado,40777.97,2025-12-28,pendiente
Tech Enterprises 901,grande,suspendido,25095.20,2026-07-08,pendiente
Mega Group 584,startup,suspendido,17390.17,2026-06-30,pagada
Tech Group 907,grande,suspendido,15926.40,2026-04-29,pagada
Alpha Partners 195,startup,cancelado,49702.49,2026-06-19,vencida
Global LLC 986,startup,suspendido,999.39,2026-06-14,pendiente
Alpha Corp 111,zombi,activo,40409.92,2026-03-23,anulada
Tech Partners 261,startup,suspendido,8649.03,2026-05-06,anulada
Next LLC 965,startup,activo,40253.09,2026-02-11,pendiente
Next LLC 194,zombi,cancelado,22150.15,2026-03-05,pendiente
Alpha Corp 489,grande,suspendido,16246.54,2026-03-16,pendiente
Global Partners 778,startup,activo,23045.61,2026-05-04,pendiente
Prime Group 67,estandar,cancelado,17041.88,2026-06-27,pagada
Prime Inc 662,zombi,cancelado,47366.14,2026-05-28,pagada
Global Solutions 927,estandar,cancelado,5604.17,2026-05-16,anulada
Core LLC 170,zombi,activo,41284.56,2026-05-11,anulada
Mega LLC 119,estandar,suspendido,43137.76,2026-05-23,anulada
Alpha Solutions 538,zombi,suspendido,37195.60,2026-03-20,pendiente
